スクラムチームで気にかけたことを思い返す,https://qiita.com/suikatabetai/items/1e7a964e10b332a62523,2019-12-13T00:19:39+09:00,8,スクラム,スクラムマスター
スクラムレトロスペクティブのやり方を変えた,https://qiita.com/tomoya-misuda/items/4b1333ba97830eaad4ad,2019-12-12T17:22:29+09:00,1,スクラム,振り返り
なぜ我々はアジャイル（スクラム）ができないのか,https://qiita.com/fuwamaki/items/247cb1dab728ea58ced9,2019-12-11T10:38:53+09:00,3,アジャイル,スクラム
レトロスペクティブのおすすめアクティビティ,https://qiita.com/kanishionori/items/9900c6a8d1e7a4e9dda6,2019-12-10T01:54:18+09:00,6,スクラム,スクラムマスター,レトロスペクティブ
アジャイル開発のスケーリングの方法,https://qiita.com/lemtosh469/items/a8813f7871361f8af9a1,2019-12-10T23:03:32+09:00,14,アジャイル,マネジメント,スクラム,開発チーム,スケーリングアジャイル
FeSSをやってみた話,https://qiita.com/pilot_fish/items/53039ac06ec7163c7f26,2019-12-10T00:03:17+09:00,4,スクラム,スクラム開発,長期計画
FeSS概論,https://qiita.com/pilot_fish/items/40879f2ea2ddb87e8259,2019-12-09T18:32:20+09:00,0,スクラム,アジャイル開発,チーム体制
新チームでasanaを少し工夫して利用した件,https://qiita.com/ncken/items/1bbf0e7424c787bc33cd,2019-12-11T10:14:40+09:00,10,KPT,カンバン,スクラム,バックログ,asana
プロジェクトマネジメントという芸術的活動,https://qiita.com/ohtatakato/items/2a5df1dc21b7926a4627,2019-12-13T21:14:53+09:00,22,アジャイル,プロジェクト管理,スクラム
私のチームで行っているプラクティスとスクラムマスターとしての考え方,https://qiita.com/yt_hatterene/items/868e766229512ed3a2f1,2019-12-06T17:51:21+09:00,5,スクラム,エッセイ,スクラムマスター
チームにBotを召喚したら業務効率があがった話,https://qiita.com/tanikento/items/b28a3052424d9b6e3a7d,2019-12-07T11:03:09+09:00,45,GitHub,GoogleAppsScript,bot,Slack,スクラム
ふりかえりを拡張する「ふりかえりチートシート」,https://qiita.com/viva_tweet_x/items/b06f56ce83038fc2bb8f,2019-12-04T21:49:42+09:00,416,アジャイル,スクラム,ふりかえり,レトロスペクティブ
"ふりかえり手法をふりかえる(KPT, LeanCoffee, Fun/Done/Learn, Timeline, +/Δ)",https://qiita.com/46goh/items/ddfa228acb60d2c34dc4,2019-12-04T17:01:30+09:00,5,アジャイル,スクラム,ふりかえり,スプリントレトロスペクティブ
アジャイル？スクラム？,https://qiita.com/roi-dev/items/e6a96d4766e6739e3014,2019-12-04T14:46:28+09:00,1,アジャイル,スクラム
【CSPO】Product Owner研修を終えて、改めて気づけたこと,https://qiita.com/yuj/items/c2483cf96ae2d11a9842,2019-12-04T00:11:13+09:00,0,アジャイル,スクラム,プロダクトオーナー,CSPO
スクラム開発やってたつもりでスタートもしていなかった話,https://qiita.com/yukke3duck/items/c197676d6d2337b4990a,2019-12-04T07:02:06+09:00,2,アジャイル,失敗談,チーム開発,スクラム,AdventCalendar2019
認定プロダクトオーナー研修（CSPO®）を受講して学んだこと,https://qiita.com/takeday/items/d593251214e4076f6a67,2019-12-13T09:47:47+09:00,5,アジャイル,スクラム,プロダクトオーナー,CSPO
見積もりとスケジュールについて、エンジニアとマネージャーがお互いにできること,https://qiita.com/yoshihir/items/f957c7923554c50debb5,2019-12-02T12:27:57+09:00,3,アジャイル,スクラム,見積もり
チームでスクラムをはじめた1年のふりかえり,https://qiita.com/EichiSanden/items/f63bcae3556cf56299bb,2019-12-02T07:22:52+09:00,26,アジャイル,スクラム
２０１９年 アジャイル関連のカンファレンス・セミナーの紹介,https://qiita.com/umdhrk/items/d85dac7ab7f34be80f62,2019-12-09T07:02:22+09:00,6,アジャイル,devops,スクラム
大規模開発でスクラムを取り入れてみた,https://qiita.com/fujii_masayuki/items/0bb114526b684b75240e,2019-12-02T16:10:02+09:00,3,アジャイル,マネジメント,スクラム,フォトクリエイト
LINE Developer Meetup #58 まとめ,https://qiita.com/masso/items/76a42dbed008bcd6fd87,2019-11-29T02:22:59+09:00,0,アジャイル,meetup,チーム開発,scrum,スクラム
【Flutter】単語帳アプリ開発 〜スマホアプリデザイン作成〜(スプリント1),https://qiita.com/tetsukick/items/95a7fc24b0600fc650d0,2019-11-25T01:43:21+09:00,1,デザイン,クロスプラットフォーム,スクラム,Flutter,XD
タスク管理ツール「ZenHub」を導入したお話,https://qiita.com/sonimaru/items/1ad95ce7d5df2fcd7e41,2019-11-24T05:32:12+09:00,0,GitHub,チーム開発,スクラム,zenhub,アジャイル開発
【Flutter】単語アプリ開発 〜スプリントプランニング(スプリント1)〜,https://qiita.com/tetsukick/items/3c2453269ae939b3a4c5,2019-11-21T02:06:26+09:00,0,Trello,スクラム,Flutter
【Flutter】単語帳アプリ作成 〜スプリントゼロ〜,https://qiita.com/tetsukick/items/0475bb74a769e58caec8,2019-11-21T01:10:23+09:00,3,スクラム,Flutter
【Flutter】単語帳アプリを作ってみる ※随時更新,https://qiita.com/tetsukick/items/83234d4c160ad1e75a35,2019-11-21T02:07:12+09:00,0,クロスプラットフォーム,Trello,スクラム,Flutter,XD
困った時に参考にしたい！初心者向けおすすめアジャイル・スクラム記事リンク集,https://qiita.com/yaboxi_/items/904b23dce229a09af024,2019-11-07T20:10:18+09:00,22,アジャイル,まとめ,スクラム
スクラムイベントを実践的に学習する企画のサンプル課題,https://qiita.com/ketman55/items/6e1674fc3019d5f9f5ca,2019-11-13T12:16:24+09:00,0,HTML,JavaScript,アジャイル,初心者,スクラム
認定スクラムマスター研修受講メモ,https://qiita.com/FALZ/items/a233eeed28d862604bac,2019-10-08T16:01:12+09:00,0,scrum,スクラム
スクラム・OKR併用でハマった落とし穴とその対処法,https://qiita.com/maKunugi/items/65f79c4b96155549a823,2019-09-30T19:06:15+09:00,3,チーム開発,スクラム,OKR
作業効率を上げるための、ポモドーロ・スクラムタイムマネジメント,https://qiita.com/omokawa_yasu/items/68d9f0324ca5a26b3770,2019-09-28T21:11:37+09:00,0,スクラム,ポモドーロ,セルフマネジメント
スクラム開発をLEGOで体験してみた #スクラム,https://qiita.com/omokawa_yasu/items/23cff80298d9ea71d53a,2019-09-19T08:45:56+09:00,2,勉強会,スクラム,ワークショップ
Scrum Inc. の 認定スクラムマスター と 認定セミナー,https://qiita.com/akym03/items/c3cb82714ea17d7ca940,2019-09-07T12:57:07+09:00,0,スクラム,スクラムマスター
「アジャイル案件」に失敗して思ったこと,https://qiita.com/zzzzz/items/182ad8f62422a0cc7edd,2019-09-06T21:29:57+09:00,9,アジャイル,ポエム,スクラム,スクラム肯定派
RSGT2020勝手にプロポーザル紹介（3日目）,https://qiita.com/viva_tweet_x/items/5425ea3be9f3c5917177,2019-08-15T00:32:10+09:00,4,scrum,スクラム,RSGT
スクラムの失敗メモ,https://qiita.com/one-engineer/items/d152c0810b955d840508,2019-08-08T01:23:53+09:00,3,スクラム
最初から作り込みすぎない（スクラム開発）,https://qiita.com/one-engineer/items/c79c2e7a982c43674641,2019-08-08T00:26:58+09:00,1,スクラム
信頼されるフルリモートエンジニアになるためのアジャイル開発,https://qiita.com/yuno_miyako/items/552f2ccf5b8937ec0127,2019-11-28T11:32:53+09:00,605,アジャイル,スクラム,リモートワーク,エンジニア,アジャイル開発
スクラムカタカナ用語日本語化計画 草案,https://qiita.com/D-3/items/ed677d9d94b1067280ff,2019-07-27T11:00:36+09:00,0,スクラム
スクラムにおける各イベントの狙いとその補足,https://qiita.com/nh321/items/f745407db8cf10964961,2019-09-13T13:13:00+09:00,7,スクラム
（レポート）Agile Japan 2019参加レポート～ブース＆イベント編～,https://qiita.com/viva_tweet_x/items/172d26f9f96860b40861,2019-07-21T22:29:10+09:00,14,アジャイル,スクラム,AgileJapan,AgileJapan2019
プロダクトオーナー（PO）の負担をどう補えるか,https://qiita.com/sol123vv/items/f2671caca4b47702ff57,2019-07-10T11:21:05+09:00,4,アジャイル,チーム開発,スクラム,プロダクトオーナー,不確実性
Jiraのエピックバーンダウンがプロジェクトマネジメントを助ける,https://qiita.com/navitime_tech/items/2612ff0402a5f2c603ef,2019-11-08T09:11:29+09:00,12,jira,スクラム,見積もり,エピックバーンダウン
スクラム用語集,https://qiita.com/Koki_jp/items/a1ad1e237bf546cb2aa0,2019-10-25T05:36:42+09:00,7,アジャイル,スクラム,スクラムマスター,プロダクトオーナー
スクラム関連勉強会に参加してきた,https://qiita.com/yamuscle/items/3ea3598bc10ef5e63d89,2019-06-29T01:04:15+09:00,2,アジャイル,スクラム
認定プロダクトオーナー研修で学んだこと ,https://qiita.com/tnemotox/items/fd0aa8ddacbd25bb3a21,2019-06-25T22:23:44+09:00,3,アジャイル,scrum,スクラム,CSPO
（レポート）よなよなコーチングリトリート2019 (yycr2019) 参加レポート,https://qiita.com/viva_tweet_x/items/3c0053bb421cc66db3cb,2019-06-25T18:47:12+09:00,3,アジャイル,agile,scrum,スクラム
アジャイル開発を学ぶ ~ 『正しいものを正しくつくる』読書メモ ~,https://qiita.com/omokawa_yasu/items/ff91a84d34ba66cc99a6,2019-06-20T22:26:55+09:00,2,アジャイル,読書メモ,スクラム,正しいものを正しくつくる
スクラムが「高速ウォーターフォール」ではないことを説明した資料,https://qiita.com/Takaichi00/items/6f9e7d30055ae8998b42,2019-06-15T12:32:11+09:00,1,ウォーターフォール,スクラム
経理社員がスクラム開発勉強会に参加してみた,https://qiita.com/gmnori/items/754d98ec1395addeb516,2019-06-15T11:39:11+09:00,2,アジャイル,勉強会,スクラム
スクラム勉強会「[すくすくスクラム仙台]スクラムガイドを読んでみよう」に参加した話,https://qiita.com/tosei/items/6cf8b7846f534924ca5e,2019-06-11T22:06:17+09:00,1,スクラム
弊チームのマネジメント・ビルディング取り組み,https://qiita.com/calderarie/items/521e6b077abeaaa2e6d5,2019-06-11T20:17:57+09:00,5,アジャイル,プロジェクト管理,マネジメント,スクラム,チームビルディング
Scrumの勉強に、ありがたいリンク集,https://qiita.com/Black_Kite/items/8dba9504e4f32313fe84,2019-06-05T20:29:16+09:00,2,アジャイル,scrum,スクラム,開発手法
Live2D+Unity開発の勘所と連携のコツ -成人向けゲームでの事例から,https://qiita.com/coldsleep6666/items/9ac91b44a5f7a8b68af5,2019-06-03T19:18:23+09:00,12,Unity,Live2D,スクラム,ソフトウェア工学
アジャイル開発・スクラム開発に関する良記事まとめ,https://qiita.com/way2heaven5gun/items/5f4ab45e0b331fd58a77,2019-05-31T08:03:28+09:00,0,アジャイル,スクラム,スクラム開発,アジャイル開発
認定スクラムマスター研修を受けて解消したスクラムに関する私の21個 + αの疑問・誤解,https://qiita.com/bigwheel/items/f67da99a5abe27e1662f,2019-05-29T16:54:41+09:00,16,スクラム,スクラムマスター
何もかもが間違ったアジャイル開発の進め方,https://qiita.com/zgmf_mbfp03/items/4a77e0df409b42e1df4c,2019-05-27T09:11:01+09:00,4,アジャイル,スクラム
うまくいかないアジャイルの話,https://qiita.com/EkatoPgm/items/1fbe7046b6c8681ab4b4,2019-05-25T14:55:14+09:00,1,TDD,アジャイル,スクラム,アジャイル開発,ペアプログラミング
アジャイルなプロジェクトの勝ち確パターン,https://qiita.com/shwld/items/e5dd80d2fc50bd6cfc4f,2019-05-18T10:22:32+09:00,6,アジャイル,スクラム
データサイエンティストだけど認定スクラムマスターになりました,https://qiita.com/calderarie/items/75479ee7fed618a0e372,2019-05-16T22:23:14+09:00,2,アジャイル,スクラム,スクラムマスター
DDD × スクラム × データ分析基盤 × SQL × Rubyおすすめ書籍,https://qiita.com/dich1/items/a63e6e036e2282a19908,2019-05-15T06:52:42+09:00,1,Ruby,SQL,DDD,データ分析,スクラム
プランニングポーカーについて,https://qiita.com/dich1/items/2f0f6845a8caaf166937,2019-05-15T06:50:04+09:00,0,書籍,スクラム,見積もり
共通一次世代が事業をつぶしていく,https://qiita.com/nonbiri15/items/a48b766867a78aa04ca9,2019-11-16T01:46:50+09:00,3,開発プロセス,スクラム,技術戦略,電機業界
リリースレトロスペクティブ,https://qiita.com/amyroi/items/3da57a9313db1595badc,2019-04-30T14:17:39+09:00,0,アジャイル,KPT,スクラム,スクラムマスター,レトロスペクティブ
スクラムまとめ,https://qiita.com/yoshikit1996/items/0dae3e799dbc581360cb,2019-04-26T13:33:21+09:00,0,スクラム
スクラム開発における見積もり,https://qiita.com/kameover27/items/157d33a26c9ab4479973,2019-04-26T00:05:04+09:00,0,スクラム
エンタープライズの業界でアジャイルが叫ばれている理由と成功への手引き,https://qiita.com/ystk0012/items/a87886faed80781836a5,2019-04-23T18:12:49+09:00,7,アジャイル,ポエム,スクラム
認定スクラムマスター(CSM)に合格したので試験合格までの流れを紹介する,https://qiita.com/s_harada/items/0aec0971a1f62a0229ed,2019-04-21T15:50:10+09:00,24,アジャイル,初心者,開発プロセス,scrum,スクラム
「カイゼン・ジャーニー」読後メモ（自分用）,https://qiita.com/yrockfield/items/91367153787e24cdf38e,2019-04-16T17:16:13+09:00,2,読書メモ,スクラム,カイゼン
スクラム開発 の勉強会で教わった「マルチタスクゲーム」とは？ by スクラム道関西 #スクラム,https://qiita.com/YumaInaura/items/6d587bf8ba5eb0f08604,2019-03-29T12:39:13+09:00,1,スクラム
タスクやチケットが閉じられなくなる5つのケースと対処法,https://qiita.com/yousan/items/49a848f3b7fa2c7b5aa4,2019-03-29T12:10:06+09:00,1,GitHub,アジャイル,スクラム,zenhub
アジャイルな開発者であるためのTips,https://qiita.com/y-some/items/259c297c853133a8b0eb,2019-04-03T09:13:44+09:00,6,アジャイル,スクラム
[備忘録][イベント]Scrum Beginners Nightに参加した,https://qiita.com/MakiMatsu/items/2db9c55079913f4c5445,2019-07-02T14:47:52+09:00,1,アジャイル,scrum,スクラム
スクラム歴は長いけど #スクラム 初心者,https://qiita.com/YumaInaura/items/8e47def1c55dde60ee6f,2019-03-13T14:33:54+09:00,0,スクラム
2/22-23 スクラムフェス大阪にいってきた,https://qiita.com/warumonogakari/items/70846c624df525e2a212,2019-03-10T22:44:22+09:00,3,アジャイル,スクラム,スクラムフェス大阪
スクラムガイドをきちんと読もう,https://qiita.com/bringer1092/items/a459cc9e9e2bc2b25deb,2019-03-08T19:14:49+09:00,26,スクラム
なぜおでんとチーム開発は難しいのか in スクラムフェス大阪2019 #スクラム,https://qiita.com/YumaInaura/items/f150d2d66a5a7dd40448,2019-03-08T05:36:17+09:00,0,スクラム
2019年の #スクラム フェス大阪で「ピンポン玉」のブレイクスルーゲームを体験してきた,https://qiita.com/YumaInaura/items/ceca437adb418b848042,2019-03-07T13:54:23+09:00,0,スクラム
ファン・ダン・ラーン（Fun/Done/Learn）で振り返りしてみた＋独自拡張してみた,https://qiita.com/nh321/items/60ebf17e98ddf71d02be,2019-03-04T19:35:16+09:00,5,アジャイル,agile,scrum,スクラム,ふりかえり
(レポート)NRIアジャイルハブ #19 RSGT2019リピート会 全部スクラム！～SIerで大切だったこと、サービサーで大切だったこと～,https://qiita.com/viva_tweet_x/items/e61df00cb1d06adb5fdc,2019-03-03T10:52:30+09:00,4,アジャイル,スクラム,RSGT
【スクラムのメリデメ】スクラムを導入する前に伝えておけば良かったこと,https://qiita.com/nh321/items/9a079e98b6306b187bca,2019-03-26T09:16:27+09:00,25,アジャイル,agile,scrum,スクラム
(レポート)NRIアジャイルハブ #13 スクラム開発入門～プロジェクトの事例を添えて～,https://qiita.com/viva_tweet_x/items/86f5961851d3a9a2b07d,2019-02-15T10:59:54+09:00,4,アジャイル,スクラム
（レポート）NRIアジャイルハブ #11～マシュマロチャレンジ～,https://qiita.com/Terurin/items/c88a21992b83e12ea591,2019-02-13T11:05:05+09:00,2,スクラム,チームビルディング,アジャイル開発
Regional Scrum Gathering Tokyo 2019 メモ,https://qiita.com/FALZ/items/26f1704af955bfb6f74f,2019-02-14T14:41:44+09:00,3,scrum,スクラム,RSGT
Androidエンジニアの僕が行きたい国内カンファレンスメモ,https://qiita.com/sudo5in5k/items/a018cf21282a53db4f40,2019-02-08T13:54:37+09:00,2,Android,UX,UI,アジャイル,スクラム
システム開発系でスクラム（アジャイル）を導入するために参考にしたページ,https://qiita.com/yousan/items/e8d36249070ed6010dec,2019-02-05T19:36:13+09:00,1,スクラム
認定スクラムマスター研修で学んだこと,https://qiita.com/yousan/items/8a963e9ee9a903e906b2,2019-02-02T16:54:04+09:00,5,研修,スクラム,スクラムマスター
(レポート)スクラム体験ゲーム~チーム開発の光と闇~をやってみた,https://qiita.com/makkopai/items/6462964e38a0becdd763,2019-02-01T09:29:44+09:00,4,アジャイル,チーム開発,スクラム,トランプワークショップ
スクラムについて,https://qiita.com/dich1/items/f3cb1fd43107c4041348,2019-08-22T11:37:32+09:00,1,スクラム,開発手法
zube.ioが自社のプロジェクトのスクラム管理にハマるか,https://qiita.com/yotsak83/items/b980bceb0e7d09aeefe5,2019-01-28T14:12:37+09:00,18,アジャイル,プロジェクト管理,スクラム,zube,zube.io
(レポート)Regional Scrum Gathering Tokyo 2019～Gathering～,https://qiita.com/viva_tweet_x/items/a637599d13fc077ab851,2019-01-21T00:11:41+09:00,5,scrum,スクラム,ふりかえり,レトロスペクティブ,RSGT
(レポート)Regional Scrum Gathering Tokyo 2019～Day 3～,https://qiita.com/viva_tweet_x/items/d2b0abb224731a91de9a,2019-01-20T22:57:50+09:00,1,scrum,スクラム,ふりかえり,レトロスペクティブ,RSGT
No Estimateに至った幸せな世界,https://qiita.com/yizknn/items/71550e871c7b3547ece5,2019-01-17T17:39:53+09:00,8,scrum,スクラム,RSGT
(レポート)Regional Scrum Gathering Tokyo 2019～Day 2～,https://qiita.com/viva_tweet_x/items/a600974adc068025c13a,2019-01-14T20:00:01+09:00,4,scrum,スクラム,ふりかえり,レトロスペクティブ,RSGT
(レポート)Regional Scrum Gathering Tokyo 2019～Day 1～,https://qiita.com/viva_tweet_x/items/96bcd05b33094b50ce09,2019-01-14T20:00:19+09:00,8,scrum,スクラム,ふりかえり,RSGT
逆説的、スケジュールを中途半端にしない、中途半端の感覚,https://qiita.com/khayashi4337/items/9af3e8f7215e08329680,2019-01-11T13:52:30+09:00,1,スクラム
スクラム開発を始めるにあたっての基本知識まとめ,https://qiita.com/okamok/items/7e9af3073e962f5094da,2019-01-16T16:44:22+09:00,8,アジャイル,スクラム
スクラム開発におけるプロジェクト管理ツール比較,https://qiita.com/okamok/items/ab3eafe562a26a0d520a,2019-01-10T18:26:43+09:00,25,アジャイル,jira,スクラム,asana,OpenProject
これからスクラムをやる・参考にするというときに確認しておきたいこと,https://qiita.com/sisisin/items/0374374310d9b9b69fa2,2019-01-09T23:57:14+09:00,27,アジャイル,scrum,スクラム
チーム開発の数あるエッセンスで採用しなかったこと・採用したこと,https://qiita.com/otakky/items/93e2bf58b59b565272e0,2018-12-27T11:49:58+09:00,8,チーム開発,スクラム
GitLabイシューボードでkanbanやスクラムを試してみる,https://qiita.com/tnir/items/a488334247f112b083f3,2018-12-26T14:33:35+09:00,25,GitLab,devops,カンバン,スクラム
プロダクトオーナーの役割についてLSPO研修の前と後で考えてみた,https://qiita.com/kaoru_y/items/12ff996f4b9dda1d5aa7,2018-12-25T10:16:14+09:00,37,アジャイル,scrum,スクラム,プロダクトオーナー,LSPO
スクラムに最適なツールを探る（Asana編）,https://qiita.com/xoyo24/items/246fa5e9ad5d01273b56,2018-12-25T03:40:01+09:00,8,プロジェクト管理,scrum,スクラム,asana
DevOpsのススメ,https://qiita.com/rilmayer/items/b0c3e49f6e9c1b3cb111,2018-12-25T22:47:55+09:00,42,アジャイル,CI,devops,自動化,スクラム
半年間のスクラムマスター経験から得た体験談とアンチパターン集,https://qiita.com/mpls104/items/70d113cbb47d01fe6502,2018-12-25T01:40:37+09:00,15,アジャイル,スクラム,スクラムマスター
積極性と強い問題意識を要求する「振り返り」は、もうたくさん,https://qiita.com/otktko/items/d1904cb8db3ed3446019,2018-12-27T10:55:05+09:00,491,プロジェクト管理,スクラム,振り返り
僕の考えた最強のWEBアプリ設計・開発 in Elm,https://qiita.com/ababup1192/items/2e643dc2ffc32f8c4cf8,2018-12-23T11:28:34+09:00,125,Elm,ATDD,スクラム,関数型プログラミング
アジャイルな開発の論理構造（スクラム版）,https://qiita.com/maemori/items/0d171bda34332d200114,2018-12-28T10:43:44+09:00,15,アジャイル,スクラム
スクラム未経験者がチームメンバーと共に暗黒の時代を抜けて、エンゲージメント・レーティングをAAまであげた1年を振り返る,https://qiita.com/ultrasevenstar/items/20f6b9951b294eac3eb6,2018-12-19T08:55:27+09:00,39,スクラム,マネージメント
スクラムを始める前にふりかえろう,https://qiita.com/ugdark/items/e97d1a5235a7333cdd99,2018-12-18T22:53:59+09:00,3,スクラム,レトロスペクティブ
スクラムマスターチェックリストの最新版が翻訳されました,https://qiita.com/nh321/items/c1af104090a16db4489c,2018-12-18T20:23:21+09:00,29,アジャイル,スクラム,スクラムマスター
スクラムを失敗させる51のアンチパターン,https://qiita.com/TakahiRoyte/items/855b6116c8132b0c9286,2019-06-04T16:46:54+09:00,50,アジャイル,スクラム,ソフトウェア開発
スクラムでのプロジェクトの進め方をロックマンで解説,https://qiita.com/ssssss_tanaka/items/5fe17945b9cf569729c4,2018-12-24T07:02:40+09:00,11,スクラム
アジャイル / スクラム / チーム開発の［不吉な匂い］まとめ,https://qiita.com/suzuki-hoge/items/16af349035a497e30063,2018-12-13T09:57:09+09:00,75,アジャイル,ポエム,チーム開発,スクラム,チームビルディング
スクラムマスターを経験して味わった成功体験と失敗体験,https://qiita.com/kiiiiita/items/7f7ce7b8fdfb7a6a5b2b,2018-12-13T09:50:49+09:00,133,Ruby,アジャイル,スクラム,チームビルディング,スクラムマスター
エンジニアチームでやってみて良かったことTips6,https://qiita.com/nagatashinya/items/deea5f8546345611569f,2018-12-13T07:00:52+09:00,13,アジャイル,KPT,スクラム,ブレスト
エンジニアリングマネージャのスキル習得,https://qiita.com/newta/items/103c75e8268e9f7589dd,2018-12-11T02:30:31+09:00,44,アジャイル,マネジメント,スクラム,エンジニアリングマネージャー,EngineeringManager
認定スクラムマスター（CSM）研修について,https://qiita.com/takashi-kadoyanagi/items/7510aba7b0c5c7546cf0,2018-12-10T20:21:00+09:00,13,アジャイル,スクラム,スクラムマスター
スクラムプロセスに慣れてきた人向けのディスカッション資料,https://qiita.com/nh321/items/8fbf73825e72a76c0990,2018-12-11T10:28:22+09:00,8,アジャイル,スクラム
スクラムの前にやるべき、2 日版デザインスプリント,https://qiita.com/hikaru_tayama/items/79b12df47a7a95138bfc,2018-12-14T17:02:45+09:00,51,Design,まとめ,スクラム,DesignSprint,デザインスプリントプラン
スクラム導入時の6つのコツ,https://qiita.com/thiroi/items/9bbd43fbad79d3c7b31c,2018-12-08T11:01:38+09:00,16,tips,スクラム,チームビルディング,導入
RSGT2018のふりかえりと、RSGT2019で伝えたい「楽しいふりかえり」,https://qiita.com/viva_tweet_x/items/89e0c60cb6e1dfac43ab,2018-12-08T14:40:54+09:00,5,スクラム,ふりかえり,レトロスペクティブ
開発未経験者がスクラム開発PJのPMになって3ヶ月経って見えてきたもの,https://qiita.com/tg_qiita/items/47ac1fb2f66e3d849fe2,2018-12-05T18:24:11+09:00,12,アジャイル,プロジェクト管理,ビジネス,スクラム
スクラムは問題を可視化するフレームワーク,https://qiita.com/TakahiRoyte/items/93ef9b29b2e61937fb14,2018-12-05T00:43:51+09:00,9,アジャイル,スクラム
「スプリントが順調」という言葉がよく聞こえる状態を保つために、取り組んでいる7つのこと,https://qiita.com/mesh1nek0x0/items/7d31db3beb719b200282,2018-12-05T16:29:28+09:00,25,チーム開発,スクラム,チームビルディング,スクラムマスター
スクラムガイド・リファレンスカードのサマリ,https://qiita.com/nh321/items/0f37f36201dd24dee340,2018-12-05T12:05:41+09:00,9,アジャイル,スクラム
チームのモチベーションに繋がる4つの取り組み,https://qiita.com/thiroi/items/b589bbbddcff0ed97743,2018-12-02T12:02:12+09:00,23,アジャイル,スクラム,チームビルディング,モチベーション
1つのプロダクトを複数社で開発する現場にスクラムを導入した話,https://qiita.com/Kujou/items/66f640a48aa9777b8b41,2018-12-21T11:20:37+09:00,14,開発プロセス,スクラム,プロダクトマネジメント,プロダクト開発
6万行の大規模リファクタリングを完遂する上でPOとしてやってよかった5つのこと,https://qiita.com/shiba_319/items/7bf15c4b54285cca3a8f,2018-12-28T17:13:04+09:00,130,リファクタリング,プロジェクト管理,スクラム,プロジェクトマネジメント,プロダクトオーナー
性善説、性悪説とチームのルール作り,https://qiita.com/yusuke_ppq/items/a1b87223a0be4a9ae07f,2018-11-30T02:05:12+09:00,4,scrum,スクラム,組織
Jiraではじめるスクラム開発-スクラムボードの使い方初級編-,https://qiita.com/navitime_tech/items/602e60c41c036d8eae97,2018-11-29T15:11:17+09:00,16,jira,scrum,スクラム,jirasoftware
ストーリーポイントで見積もる現実的な方法,https://qiita.com/keitakn/items/c30b7071ebfbf4b1b3e0,2018-11-22T02:22:22+09:00,82,スクラム,zenhub
スクラムとは何か？〜Certified ScrumMaster 研修を受けて〜,https://qiita.com/nh321/items/19818f04841474587644,2019-01-30T16:47:01+09:00,488,アジャイル,スクラム,スクラムマスター
なぜアジャイル宣言が誕生したのか？何を変えようとしているのか？,https://qiita.com/gounx2/items/b5381186856eb54e48c9,2018-11-14T22:40:53+09:00,8,アジャイル,agile,初心者向け,スクラム,新人プログラマ応援
Trelloを使ったタスク管理の運用方法についてまとめる,https://qiita.com/calderarie/items/02cde8530d3227df013f,2018-11-05T09:43:00+09:00,6,アジャイル,プロジェクト管理,Trello,タスク管理,スクラム
みんな教えて！！スクラムアンチパターン / 聴講メモ,https://qiita.com/leftouterjoin/items/02f28106d3d6d6010d78,2018-11-01T22:19:18+09:00,3,メモ,アジャイル,イベント,アンチパターン,スクラム
実際のアジャイル開発、スクラム開発における問題点、疑問点,https://qiita.com/1ulce/items/ce3c9961369b61ae8dab,2018-10-31T17:46:50+09:00,5,アジャイル,スクラム,スクラムマスター,プロジェクトマネジメント,アジャイル開発
ファン・ダン・ラーン(FDL)ふりかえりボード,https://qiita.com/yattom/items/90ac533d993d3a2d2d0f,2018-10-31T19:16:11+09:00,154,スクラム,ふりかえり
データドリブン業務におけるスクラム実践で感じたこと,https://qiita.com/calderarie/items/b552621733311b5dbd46,2018-10-24T22:34:52+09:00,2,アジャイル,データ分析,マネジメント,スクラム,チームビルディング
[補足・蛇足版] アジャイルとは何か？今あらためて誤魔化さずに実践的に説明してみる,https://qiita.com/567000/items/cae22014776437e6d6a2,2019-07-05T09:04:49+09:00,19,アジャイル,ウォーターフォール,開発プロセス,scrum,スクラム
Scrum Inc.認定スクラムマスター(LSM)取得,https://qiita.com/faust/items/221c1e18ac38518e882f,2018-10-13T15:29:38+09:00,0,アジャイル,スクラム,スクラムマスター,LSM
昔受けたスクラム研修のメモ,https://qiita.com/k_keisuke/items/26dd69e102f19654ac15,2018-10-11T16:03:18+09:00,0,スクラム
脱BackLogsスクラム開発(Ubuntu18.04 + sameersbn/Redmine3.4.6 + Scrum),https://qiita.com/optman/items/33276347b5360fa4991e,2018-10-01T00:09:54+09:00,4,Ubuntu,Redmine,アジャイル,Docker,スクラム
アジャイルな開発現場で感じたこと (1 ヶ月目),https://qiita.com/sunadorinekop/items/57561e115c65c5aec8b6,2018-09-29T16:00:15+09:00,3,アジャイル,スクラム
スプリント期間別スクラムイベント時間早見表,https://qiita.com/kamorits/items/0796ff734f1553195b48,2019-07-09T08:44:32+09:00,0,アジャイル,スクラム,1週間スプリント
ふりかえりの考え方について,https://qiita.com/naoto_koyama/items/8e87ca2a627c11bf4a11,2018-09-23T15:27:58+09:00,3,アジャイル,scrum,スクラム,ふりかえり
アジャイルと請負契約、あるいは古のユーザー企業とSIerとデベロッパーの関わり方,https://qiita.com/su-te-mi/items/28e96627109382932c5b,2018-09-21T00:57:54+09:00,7,アジャイル,ポエム,スクラム,請負開発,SIer
高度な業務知識が求められる業務システム開発でのスクラム試行　〜初回リリース編〜,https://qiita.com/takeout44/items/f8316d1ab73702291981,2018-09-24T21:27:53+09:00,0,アジャイル,スクラム
チームメンバー間の「期待」マネジメント(ドラッカー風エクササイズ),https://qiita.com/hirooka0527/items/7b445ebb30c929a7dfe9,2018-09-19T10:01:29+09:00,6,スクラム,チームビルディング,スクラム開発,スクラムマスター
勇者と学ぶスクラム開発,https://qiita.com/KoKeCross/items/40786f146edce7624342,2018-08-31T12:34:04+09:00,8,アジャイル,スクラム
スクラム開発-タスクボード公開,https://qiita.com/R_TK_8170/items/86e2ff3e890763413af4,2018-08-24T00:36:59+09:00,5,リーン,カンバン,scrum,スクラム,タスクボード
カイゼン・ジャーニーカンファレンスの参加レポート（2018/08/18）,https://qiita.com/Terurin/items/d316ed84206fbac5c391,2018-08-21T12:50:09+09:00,12,DevLOVE,スクラム,カイゼン・ジャーニー
アジャイル開発=スクラムでも無いし、テストもいらない,https://qiita.com/newta/items/85351b3a50bea072293d,2018-08-09T10:43:04+09:00,9,テスト,アジャイル,ウォーターフォール,マネジメント,スクラム
高度な業務知識が求められる業務システム開発でのスクラム試行,https://qiita.com/takeout44/items/c6ad238b9efcff059e9c,2018-09-24T21:27:06+09:00,1,アジャイル,スクラム
コミットメント対予測　スクラムの微妙だけれど重要な変更。を6行にしてみた。,https://qiita.com/i47_rozary/items/56ec0af1a0f07e1c7544,2018-08-04T18:49:02+09:00,0,ウォーターフォール,スクラム,プロダクトマネジメント
アジャイルとスクラムの違い,https://qiita.com/yut-nagase/items/3b9f8e44cecc4acf1626,2018-07-30T20:51:12+09:00,1,アジャイル,スクラム
スクラムマスター宣言,https://qiita.com/yut-nagase/items/24c08b72ea0899eb6ec0,2018-07-30T00:03:36+09:00,0,スクラム
スクラムマスターの役割,https://qiita.com/yut-nagase/items/92164e5dc0fae78652a2,2018-11-01T22:23:32+09:00,0,スクラム
Spotifyモデルの勉強をしてみる,https://qiita.com/panpanpanyasan/items/f0e58a5625f7f40bcbb2,2018-10-30T12:56:02+09:00,15,アジャイル,スクラム,Spotifyモデル,大規模アジャイル
Scrum Inc.認定スクラムプロダクトオーナー（LSPO）研修を受けてきた話,https://qiita.com/takusamar/items/97c8b734a065312bb310,2018-06-29T17:27:15+09:00,4,アジャイル,スクラム,プロダクトオーナー
今日から始めるスクラム開発【概要理解編】,https://qiita.com/yu-croco/items/826e7c967928a34d9e93,2018-06-24T18:41:36+09:00,1,アジャイル,スクラム
スクラムの各ロールを兼任していいかどうかの参考ページ,https://qiita.com/jumperson/items/0269f93d65fc5314a8ce,2018-06-22T22:31:51+09:00,0,scrum,スクラム
毎日じゃないけど1週間に1度はリリースするGitのフロー,https://qiita.com/vourja/items/d1dec05a48ad6a28d8cc,2018-06-07T12:36:21+09:00,2,Git,スクラム
スクラムまとめ,https://qiita.com/kouuuki/items/acce41d88c9b225cae77,2018-06-03T17:30:41+09:00,1,Rails,アジャイル,スクラム
「近代化Redmine」ことOpenProjectでスクラム開発のプロジェクト管理,https://qiita.com/terukizm/items/c94f06a40be55f65d4f9,2018-05-04T18:07:26+09:00,167,Redmine,プロジェクト管理,スクラム,OpenProject
アジャイル開発とスクラム②：レトロスペクティブ完全版,https://qiita.com/Ishio/items/8443b32f3a0c202e6bbb,2018-04-28T16:33:58+09:00,17,スクラム,スクラムマスター,レトロスペクティブ
「アジャイル開発とスクラム」完全版①,https://qiita.com/Ishio/items/00d5b16a59be98a64723,2018-04-20T20:42:59+09:00,14,アジャイル,ウォーターフォール,開発プロセス,スクラム,スクラムマスター
明日の開発カンファレンス 2018 に行ってきた,https://qiita.com/fnifni/items/d1eb998d23fb75e4db7b,2018-04-17T20:48:31+09:00,12,Security,devops,スクラム
「いいね！」できるKPTをスプレッドシートで作る！,https://qiita.com/halhorn/items/a72f700809212b270589,2018-04-10T21:57:23+09:00,14,gas,KPT,スクラム
バックログを作って旅行計画を立ててみる,https://qiita.com/kxwei/items/619a17cf03dcc97ec9ee,2018-04-08T17:12:15+09:00,0,アジャイル,スクラム,バックログ
Scrum Inc認定スクラムマスター研修に行き認定スクラムマスター(Licensed Scrum Master)になった,https://qiita.com/masayuki5160/items/66329b8ee9541e9b187a,2018-03-31T14:22:10+09:00,18,アジャイル,チーム開発,プロジェクト管理,スクラム
『カイゼン・ジャーニー』を読んだのでまとめてみた,https://qiita.com/takeshi_nozawa/items/66e08c693c41ec0c0b8c,2018-03-19T18:18:32+09:00,36,アジャイル,スクラム,書評,プロジェクトマネジメント
ロンリーQAによるJaSST '18 Tokyo レポート（2日目）,https://qiita.com/mighty0406/items/127ae1415f0a411e286c,2018-03-16T15:53:23+09:00,8,CI,スクラム,QA,Jasst
ロンリーQAによるJaSST '18 Tokyo レポート（1日目）,https://qiita.com/mighty0406/items/6a7fae807c6d29bb26e3,2018-03-16T20:38:13+09:00,19,CI,スクラム,QA,Jasst
スクラム体験ゲーム ~チーム開発の光と闇~ を開催してみた,https://qiita.com/shoki_kitajima/items/1016b934c328bbd92495,2019-02-21T15:57:18+09:00,47,チーム開発,スクラム,チームビルディング,エンジニア,健康
リリース計画をたてよう,https://qiita.com/sisisin/items/72fe2aba5379022712ad,2018-03-09T17:03:41+09:00,6,agile,scrum,スクラム
アジャイルとは何か？今あらためて誤魔化さずに実践的に説明してみる,https://qiita.com/567000/items/33c8821f014885024577,2019-10-24T07:44:00+09:00,232,アジャイル,ウォーターフォール,開発プロセス,scrum,スクラム
(レポート)プロダクトオーナー祭り2018 ～世界を創るのは俺たちだ！～ ,https://qiita.com/viva_tweet_x/items/563d4d29c0a6f0d90943,2018-02-20T23:03:26+09:00,5,スクラム,set,ふりかえり
(レポート)Developers Summit 2018(2日目),https://qiita.com/viva_tweet_x/items/089a872d7e42eaa8bb81,2018-02-20T21:49:52+09:00,3,アジャイル,hipchat,スクラム,VR,モブプログラミング
アジャイルライクな振り返りで恋愛を改善 girl's side,https://qiita.com/kxwei/items/e871566ce1679104c9a8,2018-04-08T16:03:42+09:00,1,アジャイル,スクラム,コミュニケーション,振り返り,恋愛
コミュニケーション能力の正体と「カレー作りの寓話」,https://qiita.com/hirokidaichi/items/355b5534746363130e61,2018-12-26T00:00:02+09:00,485,リファクタリング,アジャイル,スクラム,エンジニア
(レポート)Agile Japan NRIサテライト,https://qiita.com/viva_tweet_x/items/a0522111925d1aff9af7,2018-02-16T08:26:26+09:00,5,アジャイル,スクラム,ふりかえり
アジャイルライクな振り返りで恋愛を改善,https://qiita.com/kxwei/items/b6ce3f537a60376b9654,2018-04-08T16:02:12+09:00,3,アジャイル,スクラム,振り返り,恋愛
アジャイル開発手法のそれぞれの適応範囲,https://qiita.com/newta/items/acf81f5c0f40df86336f,2018-01-31T21:45:27+09:00,15,アジャイル,リーン,XP,scrum,スクラム
(レポート)Navitime × NRI勉強会,https://qiita.com/viva_tweet_x/items/d148a4b34b68fee4186c,2019-05-09T16:44:39+09:00,10,スクラム,ワークショップ,ふりかえり,講演
認定スクラムマスターの俺が正しいスクラムの理論をまとめてみた,https://qiita.com/gold-kou/items/90ba982a14ca79d843c9,2019-09-06T19:16:35+09:00,399,アジャイル,スクラム
(レポート)Management 3.0 〜良いフィードバックと給料を与える方法〜,https://qiita.com/viva_tweet_x/items/2f4c8dee80896e848145,2018-01-21T07:31:56+09:00,8,スクラム,Management3.0
(レポート)RSGT2018参加報告 ～ Gathering ～,https://qiita.com/viva_tweet_x/items/c73d63cca8733c35c21d,2018-01-31T19:15:57+09:00,8,スクラム,LT,ワークショップ
[RSGT2018]「Regional Scrum Gathering Tokyo 2018」のスライドリンク,https://qiita.com/kobase16/items/7db289b6980707022154,2018-01-21T01:31:44+09:00,4,スクラム
TrelloのAPIを活用してプロダクトバックログを管理しやすくしようと調べてみました。,https://qiita.com/shunymst/items/7527f2563ccfb2f003ae,2018-01-06T22:40:31+09:00,2,api,Trello,スクラム
研究開発系の新規事業と似非スクラム,https://qiita.com/halhorn/items/10974e137b11e643d64f,2017-12-31T23:19:53+09:00,8,ポエム,スクラム,研究開発
2017年の活動をふりかえる,https://qiita.com/viva_tweet_x/items/287280f96413ee84baea,2018-02-20T15:21:56+09:00,3,カンバン,スクラム,ふりかえり,ファシリテーショングラフィック
アジャイル開発のよくある勘違いまとめ,https://qiita.com/nskydiving/items/6dfd6b259b9dce4cae0c,2017-12-31T00:25:46+09:00,22,アジャイル,プロジェクト管理,XP,スクラム
1年間の「ふりかえり」をふりかえる,https://qiita.com/viva_tweet_x/items/25a22bc96597967cbb74,2017-12-29T00:05:46+09:00,18,スクラム,ふりかえり
スクラム入門,https://qiita.com/wMETAw/items/25972e4708311ed4f779,2019-02-16T22:51:01+09:00,42,アジャイル,入門,スクラム
「パターン・ランゲージ」のワークショップを社内で実施した話,https://qiita.com/norinity1103/items/7541aef4fe52599541cf,2018-04-03T16:09:19+09:00,11,スクラム,ワークショップ,パターン・ランゲージ
スクラムマスター研修の学び8つ,https://qiita.com/yoshida-mediba/items/97c85d211c7c55ef1c4a,2017-12-20T07:01:45+09:00,4,スクラム
ペアプロ懐疑派だった僕が、実務でペアプロ導入して180度考えが変わった話,https://qiita.com/YudaiTsukamoto/items/06b426f4dbee268d5035,2017-12-14T17:04:47+09:00,828,アジャイル,チーム開発,開発プロセス,スクラム,ペアプロ
開発チームと”握る”ためにMVPキャンバスを使っている話,https://qiita.com/valitoh/items/1468e9689cc675415c40,2018-05-21T09:43:31+09:00,3,チーム開発,開発プロセス,スクラム,MVP
スクラム開発をやってみて、そこで気づいた問題に立ち向かう気持ちを綴る,https://qiita.com/ykyk1218/items/921fbbd60b0704d129cd,2017-12-10T22:15:13+09:00,11,ポエム,スクラム,ポエム駆動開発
スクラムのリファインメントをうまく運用するためのポイント,https://qiita.com/saj_kz/items/8eb746aea5b84028526b,2017-12-10T07:02:15+09:00,47,スクラム
スクラムにおけるプロダクトバックログアイテム(PBI)の優先順位づけについて考えてみた ~ CD3を用いて考察 ~,https://qiita.com/i35_267/items/5d3ac6b603a613178ed6,2018-03-10T12:21:16+09:00,15,アジャイル,チーム開発,開発プロセス,スクラム
ふりかえりのファシリテーションを考えてみる,https://qiita.com/viva_tweet_x/items/400cf1e1e6b1dffbd140,2018-01-16T17:34:41+09:00,38,スクラム,ふりかえり
ゲームエンジニアが紙ヒコーキワークショップをやってみた,https://qiita.com/tomori_hikage/items/cc12a8c06be1fae1dcbc,2017-12-23T21:37:44+09:00,12,アジャイル,スクラム,プロジェクトマネジメント
リーンカンバンやってみた,https://qiita.com/uebon/items/8e3ec4099c0cba857bf2,2017-12-18T20:17:02+09:00,24,アジャイル,リーン,カンバン,スクラム
スクラムをうまく機能させるためのタスク分解,https://qiita.com/saj_kz/items/523b7ddbdb58db1633c3,2017-12-01T07:03:20+09:00,11,スクラム
スクラムで使う「インセプションデッキ」のmarkdown形式版テンプレート,https://qiita.com/bremen/items/ed491246ed83630bc84d,2017-11-27T07:19:17+09:00,86,Markdown,アジャイル,テンプレート,スクラム,インセプションデッキ
スクラム開発って何？要点まとめ,https://qiita.com/ishimasar/items/43e5c71f2b913feb5f71,2017-11-19T20:57:52+09:00,10,アジャイル,スクラム
スクラム スターターキット,https://qiita.com/uu4k/items/09f7169c1351ce931179,2017-11-16T09:25:24+09:00,2,スクラム
【読書メモ】アジャイル開発とスクラム 顧客・技術・経営をつなぐ協調的ソフトウェア開発マネジメント,https://qiita.com/uu4k/items/100e156ba456a3d3c080,2017-11-13T13:27:33+09:00,0,アジャイル,スクラム
スクラムの朝会で毎回意識する5つのこと,https://qiita.com/masarufuruya/items/0071e0ea4514590dee47,2017-11-07T09:45:25+09:00,2,スクラム
アジャイル開発で使えるツール,https://qiita.com/newta/items/ba2e49f7860699f7c02b,2017-11-05T21:10:36+09:00,63,アジャイル,jira,Trello,スクラム,asana
スプリントプランニングうまくやってる？,https://qiita.com/Koki_jp/items/bcc5762614af8ae395cc,2017-10-17T07:16:46+09:00,26,agile,scrum,スクラム,スクラムマスター,スプリントプランニング
なぜアジャイル開発の導入は失敗するのか,https://qiita.com/newta/items/bad0478f72a1b214f665,2017-09-11T12:17:52+09:00,14,マネジメント,XP,スクラム,アジャイル開発
「ドラッカー風ふりかえり」を実践しよう,https://qiita.com/radiocat/items/03c73381930b693b280d,2017-07-28T00:34:09+09:00,23,アジャイル,スクラム,チームビルディング,ふりかえり
ペアプロに最適なマウス,https://qiita.com/keihiromasa/items/97b5fb198a7aefd5f199,2017-07-01T15:25:09+09:00,0,アジャイル,スクラム,ペアプロ
アジャイル・スクラムで公共施設の運営を立て直す,https://qiita.com/btamari-gy/items/1fa1f94ac3304664b418,2017-05-15T18:44:33+09:00,6,アジャイル,スクラム,オープンイノベーション
ムービングモチベーターズによるモチベーションの可視化,https://qiita.com/radiocat/items/5639ae676ce3b52b3a3f,2017-04-29T19:25:10+09:00,87,アジャイル,スクラム,チームビルディング,Management3.0
[enpit] 学生・社会人(情報系)がWebアプリ開発&スクラムを無料で大学院大学で学べる機会について,https://qiita.com/AkiraTamai/items/a639967a62905659ef85,2017-04-16T14:37:29+09:00,15,Ruby,Rails,スクラム,Enpit,新人プログラマ応援
続・すごーい！きみはスクラムが得意なフレンズなんだね！(けものフレンズ5話をスクラムの観点から分析する),https://qiita.com/k_keisuke/items/5246fbec6cf7752bb2f9,2017-04-07T14:22:29+09:00,21,ポエム,マネジメント,スクラム,けものフレンズ
CSPO研修受けてきました,https://qiita.com/tyokomine/items/cde454e71b15e0acb640,2017-02-23T10:17:16+09:00,39,アジャイル,マネジメント,スクラム,プロダクトオーナー
スクラムマスター研修の参加レポート,https://qiita.com/snomoto/items/2fec625dbd153ea64b62,2017-03-01T14:44:29+09:00,15,アジャイル,プロジェクト管理,scrum,スクラム,プロダクトマネージャー
【チームで】開発チームでアジャイルを進めるためのプラクティスリスト【日々更新】,https://qiita.com/yuzuru-akiyama/items/fad4b4c11ee55123616e,2017-02-01T17:51:28+09:00,4,アジャイル,スクラム,プロジェクトマネジメント
スクラムお化けに憑りつかれた話,https://qiita.com/hide2018/items/27523788b9db6cf89a0f,2017-01-15T01:23:19+09:00,34,アジャイル,agile,ポエム,scrum,スクラム
スクラムをざっくり説明するときのスライド,https://qiita.com/halhorn/items/5cf7d28034ad9132d311,2017-01-13T12:30:54+09:00,147,スクラム
運用フェイズに入ってからスクラムを始めてみた,https://qiita.com/atsfour/items/e5b810411abedbd36e25,2016-12-27T17:28:36+09:00,4,アジャイル,スクラム
総務チームとスクラムで取り組んだ1年～空から降る一億のカイゼン～,https://qiita.com/chonar/items/c7825b288949bbb87727,2017-01-05T14:24:26+09:00,9,scrum,スクラム
カンバンの基本のキ,https://qiita.com/TAKAKING22/items/0a6412e5c3a95a90da50,2016-12-22T10:15:09+09:00,111,アジャイル,agile,カンバン,scrum,スクラム
1分でざっくり掴むのスクラムメモ,https://qiita.com/munaita_/items/bf78a1c6a8c56ba2ea09,2016-12-13T19:54:13+09:00,1,アジャイル,agile,開発プロセス,scrum,スクラム
スプリントのタイムボックス 動かないチケット問題,https://qiita.com/newta/items/053bf553dc8df779273c,2016-12-13T01:22:49+09:00,4,アジャイル,チケット,カンバン,マネジメント,スクラム
朝会、夕会を価値あるものにするための観点と方法,https://qiita.com/newta/items/484258c3b1566a96fc06,2016-12-12T01:42:46+09:00,5,アジャイル,マネジメント,XP,スクラム
なんとなくやらないKPT,https://qiita.com/newta/items/69f99258744a1b38d433,2016-12-12T01:16:32+09:00,8,アジャイル,KPT,マネジメント,XP,スクラム
大規模アジャイルの手法,https://qiita.com/newta/items/83a36815fc5a264f4cc2,2018-02-10T15:48:19+09:00,14,アジャイル,マネジメント,スクラム,開発チーム
レガシーな開発プロセスからスクラムを導入したまでの話,https://qiita.com/wantonbe/items/6ee6afb107d95b3ccc98,2016-12-10T11:47:33+09:00,12,スクラム,レガシーシステム,改善
QAメンバーがスクラムやってみた,https://qiita.com/chopiner/items/b68ab98557b996cf036d,2016-12-13T10:36:04+09:00,11,AdventCalendar,スクラム,QA,アプレッソ,AdventCalendar2016
スクラムマスタとプロダクトオーナーと周りを巻き込む力,https://qiita.com/newta/items/a553495a76101347de50,2016-12-11T22:42:04+09:00,9,アジャイル,マネジメント,スクラム,プロダクトオーナー
プロダクトオーナーに必要な知識と手法,https://qiita.com/newta/items/b838995b9b972fb7fa68,2016-12-08T00:37:15+09:00,56,アジャイル,マネジメント,スクラム,プロダクトオーナー
スクラムマスタとマネージャの違い,https://qiita.com/newta/items/f0bc097f7b3a9b284564,2018-12-11T01:02:29+09:00,127,アジャイル,マネジメント,スクラム
最新のスクラムガイド,https://qiita.com/newta/items/ac5be1312e43ca64799c,2016-12-05T00:40:27+09:00,15,アジャイル,チーム開発,マネジメント,スクラム
認定LeSS実践者研修を受けてきた,https://qiita.com/yunon_phys/items/565490c5475777fce8d2,2016-12-08T18:56:11+09:00,60,less,agile,scrum,スクラム
夫婦の愛を支える技術,https://qiita.com/hondaYoshitaka/items/0792f585b35f00392c4d,2016-12-06T00:00:09+09:00,42,アジャイル,夫婦,開発プロセス,スクラム
アジャイル開発(初めてのSCRUM),https://qiita.com/kawasukeeee/items/db241070e3a8721367a8,2016-12-02T10:41:44+09:00,3,アジャイル,scrum,スクラム
そもそもアジャイル開発ってなんだ,https://qiita.com/newta/items/f39f4a89da26e828f702,2016-12-02T00:56:28+09:00,15,アジャイル,agile,XP,スクラム
アジャイル・スクラム導入に際して、参考にしていたサイト集（随時更新）,https://qiita.com/yuzuru-akiyama/items/324d0c42ba7d20a0c2f8,2016-11-04T16:00:15+09:00,2,アジャイル,XP,スクラム
アジャイル・スクラムを開発に導入するとき,https://qiita.com/yuzuru-akiyama/items/b8cf646ee77da135b3c5,2016-11-04T15:47:45+09:00,1,アジャイル,XP,スクラム
アジャイル勘違い集,https://qiita.com/yuzuru-akiyama/items/6fe6f7f4568edb96faf6,2016-11-02T10:51:55+09:00,8,アジャイル,スクラム
優先度判断のためのチームワーク,https://qiita.com/jnikd/items/9c94f8861c9d9d156985,2016-10-26T18:34:04+09:00,5,アジャイル,チーム開発,スクラム,プロダクトマネジメント,プロジェクトマネジメント
なんちゃってスクラム開発,https://qiita.com/kazukichi/items/1db417fe09d30c65506b,2016-11-22T19:47:10+09:00,339,Ruby,PHP,JavaScript,アジャイル,スクラム
デイリースクラムの開催(朝会)時間,https://qiita.com/Koki_jp/items/b8aebc449f6d2ec79a67,2016-09-27T01:46:04+09:00,3,チーム開発,スクラム,チームビルディング,スクラム開発
JIRAでカンバンゲームの準備,https://qiita.com/eielh/items/995823f1247a249247f3,2016-09-19T17:57:27+09:00,9,jira,カンバン,スクラム
プロダクトオーナーにリファクタリングを承諾してもらう方法,https://qiita.com/pandora2000/items/2684b1c9bedb03d91ac3,2016-09-21T12:43:03+09:00,2,リファクタリング,スクラム
GitHubに待望のカンバン機能「Project」ができたので、即座に使ってみた話,https://qiita.com/kashira2339/items/c12ff5294ef5ea290bfd,2016-09-15T11:17:33+09:00,54,Git,GitHub,タスク管理,スクラム,zenhub
不安とストレスから解放される見積りとスケジュール方法,https://qiita.com/hirokidaichi/items/5a204a57a200569f755d,2018-12-11T14:20:41+09:00,2798,アジャイル,スクラム,見積り
Trelloでカンバン管理のススメ,https://qiita.com/punchdrunker/items/32780f147a8fe03802f6,2016-08-11T09:44:32+09:00,84,Trello,スクラム
Nexus（大規模スクラム開発）の概要,https://qiita.com/shoyoshi/items/861da8678bfcc6782638,2016-07-11T16:32:59+09:00,9,アジャイル,スクラム
タスクボードやチャットやCIやスクラム開発や振り返りを自分のチームで使いたい時の決め台詞,https://qiita.com/gasegi/items/116044baea34c777d5ea,2016-06-19T12:46:36+09:00,18,CI,KPT,Trello,Slack,スクラム
ふりかえりするためにニャ（正しいとは言っていない）,https://qiita.com/YooWaan/items/d17000699d8d122307ea,2016-06-05T15:19:42+09:00,0,agile,scrum,スクラム,ふりかえり
リーン開発をはじめよう,https://qiita.com/shiruco/items/0148927fe6f4b8e3dd80,2016-05-25T00:14:33+09:00,44,アジャイル,リーン,スクラム,リーンスタートアップ
新入社員が来てメンターになれって言われたけど、どうすればいいのかという対話テクニック,https://qiita.com/hirokidaichi/items/2e8e731acfd7b6c7e02f,2018-12-25T23:58:10+09:00,2030,スクラム,コミュニケーション,ファシリテーション,メンタリング,ペアプログラミング
スクラム個人メモ,https://qiita.com/kenichi_cc/items/fc0879bc29afc92f28b9,2016-04-26T16:18:15+09:00,1,スクラム
チームに積極的にコミットするためのプラクティス（開発チームのマネジメントについて,https://qiita.com/nnrrnnr/items/d839ef74dfe2dfea4445,2016-04-10T18:31:04+09:00,4,チーム開発,スクラム,アジャイル開発
スクラムの計画MTGより効率化するアイデア,https://qiita.com/enbu/items/6a40646a1a8317cd5d19,2016-04-07T21:49:24+09:00,0,スクラム
本当はすごいKPTで強いチームを作る for エンジニア,https://qiita.com/netetahito/items/8cae1ab27ef010e45270,2016-04-30T22:12:41+09:00,400,チーム開発,プロジェクト管理,KPT,マネジメント,スクラム
スプリントごとのふりかえりチートシート,https://qiita.com/takatama/items/2c00903bed0de28fb791,2016-03-07T09:42:30+09:00,4,アジャイル,スクラム
マネージャーがスクラムの導入を支援するか阻止するかを明らかにする質問表,https://qiita.com/takatama/items/b4dbc4c61268bdb1685b,2016-03-07T09:29:02+09:00,13,アジャイル,スクラム
KUFU における SmartHR の開発,https://qiita.com/eccyan/items/3ea42bf272c426cdb0cd,2016-04-24T15:09:56+09:00,57,アジャイル,開発プロセス,スクラム
簡単！楽しい！5分でわかるユーザーストーリーマッピング(User Story Mapping),https://qiita.com/Koki_jp/items/6aebc73bedd0a932dcb8,2017-08-16T06:28:31+09:00,421,アジャイル,開発プロセス,スクラム,ユーザーストーリー,ユーザーストーリーマッピング
2015年に勉強してよかったことと2016年学ぼうと思っていること,https://qiita.com/jumbOrNot/items/5aa61dce006a9215fbb2,2016-01-04T10:11:34+09:00,28,Python,iOS,fabric,スクラム,ユニットテスト
年末年始休暇向け課題図書（2015-2016）,https://qiita.com/osuo/items/dd7c58919a780ef203d3,2015-12-25T15:41:09+09:00,19,JavaScript,Angular,スクラム,SpringBoot
スクラム初心者がプロダクトオーナー兼エンジニアとしてスクラム開発を三ヶ月続けてみて,https://qiita.com/yonell/items/b893d640505bc556a75e,2015-12-06T23:56:00+09:00,9,アジャイル,agile,team,scrum,スクラム
スクラム風チケット駆動開発で開発の見える化に取り組んでみた,https://qiita.com/megadreams14/items/8572accaa275d18045d6,2015-12-05T01:29:22+09:00,50,GitHub,Redmine,スクラム,チケット管理
アウトソーシング嫌いのベンチャーが2ヶ月間でオフショア開発でサービスをローンチしてみた ~PJマネジメント編~,https://qiita.com/devopsCoordinator/items/045423010da495dc19de,2015-12-04T14:22:41+09:00,16,KPT,スクラム,スクラム開発,オフショア,チケット管理
開発手法【スクラムについて】,https://qiita.com/S_Takuya/items/3f3013cb0be89aba7352,2015-11-06T00:34:45+09:00,0,アジャイル,スクラム
スクラムにおけるUX 定義についてよくわからないので調べてみた(2015年9月),https://qiita.com/masaki925/items/db7c57eee74194434640,2015-09-29T13:28:48+09:00,15,UX,スクラム
お菓子神社を5ヶ月運用してみて得た知見を共有,https://qiita.com/suthio/items/0d991ec549afb690f063,2015-09-17T20:22:53+09:00,30,効率化,チーム開発,スクラム,チーム運営,お菓子神社
GitHubとZenHubでAgile、できるのかな？,https://qiita.com/yanosen_jp/items/1053aa5cd81db0f068fe,2015-08-25T13:50:23+09:00,7,GitHub,アジャイル,スクラム,zenhub,クローム
[翻訳]さらにもうひとつのスクラムのたとえ話,https://qiita.com/PoohSunny/items/fbbcae799a2804e7ad87,2015-06-29T19:55:56+09:00,1,翻訳,scrum,スクラム
スプリントレビューのチェックポイント,https://qiita.com/harakachi/items/77a7a71ab693e8bceb1b,2015-05-20T18:40:14+09:00,30,scrum,スクラム,スプリントレビュー
マザー・テレサの名言をシステム開発風にしてみた,https://qiita.com/ryurock/items/2f258b9131189a5532de,2014-06-26T00:03:29+09:00,9,アジャイル,agile,チーム開発,scrum,スクラム
